item_id,statement_guid,property_id,wikidata_value,meta_wikidata_value,external_value,external_url,type
Q329124,Q329124$0FA35D92-7A8A-4750-B60A-7BF616E3A5EC,P569,+1925-01-01T00:00:00Z,,+1926-07-04T00:00:00Z,https://www.ibdb.com/broadway-cast-staff/4108,statement
Q5481259,Q5481259$7969BFE7-1A7A-455B-A492-E8BE6845788C,P569,+1938-07-14T00:00:00Z,,+1935-07-13T00:00:00Z,https://www.csfd.cz/tvurce/136788/,statement
Q2366762,Q2366762$C0AE8D9C-7CB8-4572-9B25-8038C80F136F,P569,+1915-11-12T00:00:00Z,,+1912-11-12T00:00:00Z,https://www.ibdb.com/broadway-cast-staff/478040,statement
Q84570338,Q84570338$b4fa2be7-446a-267c-1868-b15077c33403,P569,+1864-00-00T00:00:00Z,,+1867-05-17T00:00:00Z,https://www.mymovies.it/persone/-/355323,statement
Q1278135,Q1278135$E30B23DF-6D09-4495-8907-02CFE55FCC29,P569,+1974-07-22T00:00:00Z,,+1973-07-22T00:00:00Z,https://pantheon.world/profile/person/Jaime_Camil,statement
Q531336,Q531336$FAC111E2-9DAA-4A9B-B4F7-C74C1FD22F3D,P569,+1905-09-17T00:00:00Z,,+1907-09-17T00:00:00Z,http://evene.lefigaro.fr/celebre/biographie/helen-vinson-37814.php,statement
Q4994464,Q4994464$BD4F6D17-B6F9-4B77-B6E4-28A6D0158439,P570,+1947-10-27T00:00:00Z,,+1949-10-24T00:00:00Z,https://www.oxfordreference.com/view/10.1093/oi/authority.20110803095812414,statement
Q2557512,Q2557512$ACAA5603-84EE-4054-8C3A-74E903341DFC,P569,+1912-03-28T00:00:00Z,,+1914-03-28T00:00:00Z,https://www.fandango.com/people/wd-406906,statement
Q111804368,Q111804368$6156baab-4343-55fc-a138-8c24c3da11a7,P569,+1943-12-26T00:00:00Z,,+1950-12-26T00:00:00Z,https://www.csfd.cz/tvurce/102111/,statement
Q87034,Q87034$52294935-7B2A-48ED-9027-F6B75F6FEB37,P569,+1877-08-16T00:00:00Z,,+1876-08-16T00:00:00Z,https://aleph.nkp.cz/F/?func=find-c&local_base=aut&ccl_term=ica=xx0006518&CON_LNG=ENG,statement
Q15268944,Q15268944$77C157DB-F464-4DD7-9C71-EAF5F455D082,P569,+1853-03-14T00:00:00Z,,+1855-03-17T00:00:00Z,http://www.oxfordartonline.com/benezit/view/10.1093/benz/9780199773787.001.0001/acref-9780199773787-e-00125395,statement
Q580587,q580587$79C91BCC-28FC-438C-B174-F77D3F69DFE0,P569,+1928-07-02T00:00:00Z,,+1927-07-02T00:00:00Z,https://www.mymovies.it/persone/-/6077,statement
Q104109,q104109$48BC9CC6-1576-48CD-BA65-82BA6AF5CB78,P569,+1892-04-08T00:00:00Z,,+1893-04-09T00:00:00Z,https://en.geneastar.org/genealogie/?refcelebrite=pickfordm,statement
Q120225,q120225$099A9C36-EEE2-4F9F-9628-D8A5833DB86A,P569,+1943-12-17T00:00:00Z,,+1945-12-17T00:00:00Z,https://www.fandango.com/people/wd-106993,statement
Q102434107,Q102434107$2b5e33f3-fd74-4e53-bd50-20ed98c7c7d8,P569,+1896-04-15T00:00:00Z,,+1900-04-15T00:00:00Z,https://www.ibdb.com/broadway-cast-staff/40985,statement
Q236236,q236236$0F882D7D-DB93-447E-829D-A4A8154A7731,P569,+1728-11-10T00:00:00Z,,+1730-11-10T00:00:00Z,https://www.britannica.com/biography/Oliver-Goldsmith-Anglo-Irish-author,statement
Q228906,q228906$CB11FC36-CA8B-4BF0-AFB0-D6A191B0478E,P570,+1986-12-12T00:00:00Z,,+1985-12-12T00:00:00Z,https://www.mymovies.it/persone/-/1332,statement
Q739325,Q739325$54CF6581-B432-4FAA-82A0-98E80F754B9F,P569,+1921-07-20T00:00:00Z,,+1919-07-21T00:00:00Z,https://www.ibdb.com/broadway-cast-staff/99359,statement
Q6774620,Q6774620$01B947A5-76A1-4A8E-84A8-D7A0EE826237,P569,+1926-03-23T00:00:00Z,,+1923-03-23T00:00:00Z,https://historygreatest.com/martha-wright-american-actress-died-at-92,statement
Q8704,q8704$990747F7-3698-47C6-9B34-553BE320B01B,P569,+1956-06-21T00:00:00Z,,+1901-12-05T00:00:00Z,http://www.oxfordartonline.com/benezit/view/10.1093/benz/9780199773787.001.0001/acref-9780199773787-e-00051878,statement
Q6700006,Q6700006$5B80DB26-89CA-4AEE-8E6C-D836FE8E6769,P569,+1921-12-21T00:00:00Z,,+1920-12-21T00:00:00Z,http://snaccooperative.org/ark:/99166/w6544b29,statement
Q6177986,Q6177986$2A813469-FE6C-40C5-A1B9-7E4BF9B45F3B,P569,+1896-01-01T00:00:00Z,,+1895-05-08T00:00:00Z,https://catalogue.bnf.fr/ark:/12148/cb16172744n,statement
Q229507,q229507$CC1AAF5C-413E-4E23-AD26-4D6AEA8A9B91,P569,+1933-04-19T00:00:00Z,,+1932-04-19T00:00:00Z,http://www.fembio.org/biographie.php/frau/frauendatenbank?fem_id=18498,statement
Q3178999,Q3178999$FD3C0BFF-6D6F-46DD-8748-F28315B20E7E,P569,+1926-11-07T00:00:00Z,,+1936-11-07T00:00:00Z,https://historygreatest.com/jimmie-haskell-american-composer-died-at-79,statement
Q1001130,Q1001130$9E30F496-32B9-46B3-AEC6-30112EE68F23,P569,+1940-07-09T00:00:00Z,,+1930-07-09T00:00:00Z,https://historygreatest.com/buddy-bregman-american-arranger-producer-and-composer-died-at-86,statement
Q2157024,Q2157024$8BB0B30D-028E-4F1A-8211-70CBA867AC85,P569,+1908-08-03T00:00:00Z,,+1906-08-03T00:00:00Z,https://catalogue.bnf.fr/ark:/12148/cb139430340,statement
Q276337,q276337$4F4DF38C-F806-4BB6-BE0D-F531AF64B3C1,P569,+1900-02-21T00:00:00Z,,+1906-02-21T00:00:00Z,https://www.ibdb.com/broadway-cast-staff/30336,statement
Q183182,q183182$C94BAD23-A6B4-4A90-906C-3F5A748BE205,P569,+1887-01-28T00:00:00Z,,+1886-01-28T00:00:00Z,http://www.enciclopedia.cat/EC-GEC-0057229.xml,statement
Q237813,Q237813$4a53af91-44b3-1aae-c1a7-3052704f9b6a,P569,+1921-12-21T00:00:00Z,,+1922-12-11T00:00:00Z,https://www.ibdb.com/broadway-cast-staff/470898,statement
Q538620,Q538620$247E2A50-6315-4556-88F5-5DF6F1784143,P569,+1837-07-09T00:00:00Z,,+1833-07-09T00:00:00Z,http://www.isfdb.org/cgi-bin/ea.cgi?115984,statement
Q472572,Q472572$6CA20736-39C1-4797-AC6F-0DA6B65AE1DF,P570,+1969-05-27T00:00:00Z,,+1984-09-02T00:00:00Z,https://www.munzinger.de/search/go/document.jsp?id=00000009479,statement
Q273022,Q273022$FAEA0CE5-D360-4CBD-BA6E-3C9AB50D55D7,P569,+1902-06-02T00:00:00Z,,+1904-06-02T00:00:00Z,https://www.musik-sammler.de/artist/valaida-snow,statement
Q102813,q102813$F77365C5-A06D-48CD-A2C0-F2D50261E778,P569,+1920-07-11T00:00:00Z,,+1915-07-11T00:00:00Z,http://www.enciclopedia.cat/EC-GEC-0012628.xml,statement
Q75612,q75612$F765C350-F858-4484-9BF1-A3F22D02F1F3,P569,+1902-11-21T00:00:00Z,,+1904-07-14T00:00:00Z,https://www.munzinger.de/search/go/document.jsp?id=00000012383,statement
Q104627068,Q104627068$b337e68f-497e-ab55-31c6-345c09320716,P569,+1894-09-11T00:00:00Z,,+1899-09-11T00:00:00Z,https://www.discogs.com/artist/3245903,statement
Q3703786,q3703786$645DF151-AE2B-4ADC-9D4D-260FBFB62870,P569,+1896-11-28T00:00:00Z,,+1897-11-28T00:00:00Z,https://catalogue.bnf.fr/ark:/12148/cb12227992v,statement
Q129885,Q129885$561CC4B9-07A2-47AC-A79A-394F7F7785AF,P569,+1895-11-01T00:00:00Z,,+1894-11-01T00:00:00Z,https://www.mymovies.it/persone/-/40972,statement
Q44403,q44403$7FA1E874-BF70-4F3C-921B-E114631EC635,P569,+1798-12-13T00:00:00Z,,+1797-12-13T00:00:00Z,http://www.isfdb.org/cgi-bin/ea.cgi?168248,statement
Q559430,q559430$AA0918DB-BEBA-4B5C-8385-24CE2BB35744,P569,+1920-03-25T00:00:00Z,,+1902-03-25T00:00:00Z,https://www.tracesofwar.com/persons/61758,statement
Q239301,q239301$003038DB-3FC4-4C8C-8386-7157F2FF6CE9,P569,+1933-11-28T00:00:00Z,,+1931-11-28T00:00:00Z,https://www.csfd.cz/tvurce/5311/,statement
Q106250998,Q106250998$59462A21-FA69-4B04-AC56-05E14FE1E5DF,P569,+1926-01-01T00:00:00Z,,+1925-08-11T00:00:00Z,https://www.ibdb.com/broadway-cast-staff/112422,statement
Q1303944,Q1303944$5B920214-A03B-476C-A3E6-5E3DBF717EBA,P569,+1924-11-24T00:00:00Z,,+1929-11-24T00:00:00Z,https://catalogue.bnf.fr/ark:/12148/cb14153400r,statement
Q5045486,Q5045486$A72A68AF-C6B4-46FA-B12C-F589E7C7B58B,P569,+1869-06-18T00:00:00Z,,+1862-06-18T00:00:00Z,https://www.britannica.com/biography/Carolyn-Wells,statement
Q5045486,Q5045486$A72A68AF-C6B4-46FA-B12C-F589E7C7B58B,P569,+1869-06-18T00:00:00Z,,+1862-06-18T00:00:00Z,http://www.isfdb.org/cgi-bin/ea.cgi?144715,statement
Q31293,q31293$91EE6E7B-CC3F-43F6-AE5D-97D5CCE76E34,P569,+1956-09-30T00:00:00Z,,+1950-09-30T00:00:00Z,https://pantheon.world/profile/person/Vondie_Curtis-Hall,statement
Q457864,q457864$B9760D95-6AEC-434B-8F35-8D6993EF01AE,P569,+1905-08-21T00:00:00Z,,+1906-08-21T00:00:00Z,https://www.degruyter.com/view/AKL/_40421151,statement
Q6306561,Q6306561$D6C1E773-4247-4BFF-BAF7-35D629407B09,P569,+1865-08-17T00:00:00Z,,+1866-08-17T00:00:00Z,https://www.britannica.com/biography/Julia-Marlowe,statement
Q251303,Q251303$aecb4c8c-474d-74e4-3a1b-15ad43a82a68,P569,+1887-01-30T00:00:00Z,,+1892-06-30T00:00:00Z,https://www.mymovies.it/persone/-/140424,statement
Q463204,Q463204$9CF9F65E-85CF-4992-BE09-66FB2654C7FD,P569,+1913-04-04T00:00:00Z,,+1914-04-04T00:00:00Z,https://www.britannica.com/biography/Frances-Langford,statement
Q136646,q136646$8ADF0FA1-ABB7-46EA-A018-CB4C087B2682,P569,+1894-01-03T00:00:00Z,,+1898-01-03T00:00:00Z,http://www.fembio.org/biographie.php/frau/frauendatenbank?fem_id=22122,statement
Q9711,q9711$F8D76D6A-84B2-434B-9404-1B0F51E59C53,P570,+1851-08-19T00:00:00Z,,+1850-08-18T00:00:00Z,https://en.geneastar.org/genealogie/?refcelebrite=balzac,statement
Q228611,q228611$BF0926DB-778D-49AA-AAA2-7E1021B86538,P569,+1920-10-31T00:00:00Z,,+1925-12-18T00:00:00Z,http://snaccooperative.org/ark:/99166/w6nw1rtx,statement
Q5126158,Q5126158$F3CB7C35-B895-468E-BE9A-B31B23C7FD5D,P569,+1894-08-05T00:00:00Z,,+1896-08-05T00:00:00Z,https://catalogue.bnf.fr/ark:/12148/cb15072393f,statement
Q279834,Q279834$C3596C9D-FC89-41CB-954C-685A1B126C24,P569,+1953-10-20T00:00:00Z,,+1952-10-20T00:00:00Z,https://historygreatest.com/bill-nunn-american-actor-died-at-63,statement
Q528702,Q528702$A83ADF75-FBFB-4B2A-8229-67B9538CA3D0,P569,+1900-04-08T00:00:00Z,,+1905-04-08T00:00:00Z,https://www.findagrave.com/memorial/92758030,statement
Q216303,Q216303$824C6E1F-E25D-4657-A254-60C0E2A12CDF,P570,+2001-11-19T00:00:00Z,,+2011-11-19T00:00:00Z,https://catalogue.bnf.fr/ark:/12148/cb14680948w,statement
Q7790528,q7790528$9BC66B25-F4A7-46B8-B31C-6AE2C6413BCA,P569,+1799-01-01T00:00:00Z,,+1797-10-13T00:00:00Z,https://www.discogs.com/artist/660107,statement
Q7086645,Q7086645$E7F3F23D-6E3D-40F8-83CA-B343AF50153E,P569,+1870-00-00T00:00:00Z,,+1867-01-18T00:00:00Z,http://cbw.iath.virginia.edu/women_display.php?id=21723,statement
Q4354150,Q4354150$10617821-ECD6-4039-AD67-80927E236641,P569,+1916-08-28T00:00:00Z,,+1918-08-28T00:00:00Z,https://catalogue.bnf.fr/ark:/12148/cb14038864q,statement
Q2157024,Q2157024$8BB0B30D-028E-4F1A-8211-70CBA867AC85,P569,+1908-08-03T00:00:00Z,,+1906-08-03T00:00:00Z,https://www.csfd.cz/tvurce/90362/,statement
Q1351968,q1351968$01660FCF-B6E6-4124-9E36-DD346572509C,P569,+1916-10-14T00:00:00Z,,+1912-10-14T00:00:00Z,http://www.isfdb.org/cgi-bin/ea.cgi?16367,statement
Q2611866,Q2611866$AB7B27F2-9E6F-4308-AE69-F94362BD668F,P569,+1963-07-29T00:00:00Z,,+1962-07-29T00:00:00Z,https://www.fandango.com/people/wd-636802,statement
Q22687858,Q22687858$0aebe958-4688-db50-3d6e-1124eb306bd5,P569,+1945-12-17T00:00:00Z,,+1939-12-17T00:00:00Z,https://www.ibdb.com/broadway-cast-staff/74135,statement
Q267441,q267441$96731D46-A989-4F3C-99DD-FBBEF6D94666,P569,+1894-02-28T00:00:00Z,,+1893-02-28T00:00:00Z,https://pantheon.world/profile/person/Ben_Hecht,statement
Q233832,Q233832$52f6bb2a-ec38-4d80-9553-f1728f949393,P569,+1914-12-30T00:00:00Z,,+1915-12-29T00:00:00Z,https://pantheon.world/profile/person/Jo_Van_Fleet,statement
Q104372,Q104372$0579BD5C-C23A-42E2-97CE-CCE7BE063D69,P569,+1922-04-03T00:00:00Z,,+1924-04-03T00:00:00Z,https://www.musik-sammler.de/artist/doris-day-frank-de-vol-orchester,statement
Q188093,q188093$811AA109-868F-4C4E-AEE7-806E6516990B,P569,+1901-02-01T00:00:00Z,,+1902-02-01T00:00:00Z,https://www.babelio.com/auteur/-/69375,statement
Q316802,Q316802$f2082c94-9e2e-4792-8c95-76bc8f76f84d,P569,+1921-10-10T00:00:00Z,,+1924-10-10T00:00:00Z,http://www.isfdb.org/cgi-bin/ea.cgi?6807,statement
Q26997329,Q26997329$2748cc9c-4bf0-403b-a020-443b12c93fca,P569,+1926-01-07T00:00:00Z,,+1929-01-07T00:00:00Z,https://catalogue.bnf.fr/ark:/12148/cb16952809c,statement
Q1495559,Q1495559$ED567485-65E0-4CEC-B178-52885633843C,P569,+1870-03-15T00:00:00Z,,+1869-03-13T00:00:00Z,https://www.babelio.com/auteur/-/262985,statement
Q5703164,Q5703164$0E6982B5-8E42-4AC2-9DD8-C929D81273C8,P569,+1899-02-05T00:00:00Z,,+1901-02-05T00:00:00Z,https://www.ibdb.com/broadway-cast-staff/59961,statement
Q6306710,Q6306710$2A008B92-A7B0-409E-B1C0-33A27A2CA64A,P569,+1887-08-27T00:00:00Z,,+1884-08-20T00:00:00Z,https://www.ibdb.com/broadway-cast-staff/113510,statement
Q998799,Q998799$18ECC8FC-1053-4034-AD07-1BFAABD367FE,P569,+1892-04-10T00:00:00Z,,+1897-04-10T00:00:00Z,http://snaccooperative.org/ark:/99166/w6bv9b1j,statement
Q1677951,Q1677951$7B64A235-6778-4840-83FD-3064E95C565F,P569,+1924-11-30T00:00:00Z,,+1923-11-30T00:00:00Z,https://www.mymovies.it/persone/-/8354,statement
Q462327,Q462327$7830FC51-49FE-4F99-A830-6BC274682CBF,P569,+1945-03-07T00:00:00Z,,+1946-03-07T00:00:00Z,http://snaccooperative.org/ark:/99166/w68j0xwn,statement
Q217324,q217324$57FDB39D-5CE3-4488-9E73-F1D854319EDD,P569,+1953-09-03T00:00:00Z,,+1955-09-03T00:00:00Z,https://www.munzinger.de/search/go/document.jsp?id=00000023798,statement
Q442111,Q442111$2423CFCD-8329-4311-A42F-D94570D08127,P569,+1934-07-08T00:00:00Z,,+1932-07-08T00:00:00Z,https://www.fandango.com/people/wd-400345,statement
Q16091513,Q16091513$4C0A4A48-1260-4563-925D-CEE088BAD736,P569,+1925-06-06T00:00:00Z,,+1930-06-06T00:00:00Z,https://www.discogs.com/artist/1313270,statement
Q2068226,q2068226$55946126-77FD-42DD-856D-ADB9CCC92C95,P569,+1961-01-01T00:00:00Z,,+1907-08-20T00:00:00Z,https://www.behindthevoiceactors.com/Alan-Reed/,statement
Q3616176,Q3616176$860ACC1A-DDC4-466A-B294-AB70E80226A7,P569,+1883-12-14T00:00:00Z,,+1884-12-14T00:00:00Z,http://snaccooperative.org/ark:/99166/w6js9rsj,statement
Q1132691,Q1132691$BB090287-5172-433B-9BA8-0B26D241F9A6,P569,+1865-02-21T00:00:00Z,,+1869-02-21T00:00:00Z,http://proleksis.lzmk.hr/22959/,statement
Q1077405,Q1077405$B72A2043-3743-44A2-B40B-D9B08A9E456B,P569,+1928-12-25T00:00:00Z,,+1929-12-25T00:00:00Z,https://www.oxfordreference.com/view/10.1093/oi/authority.20110803100033717,statement
Q2007296,Q2007296$578F75DE-8CEB-4D53-9BFC-4DA8F125B5E3,P569,+1877-09-17T00:00:00Z,,+1879-09-17T00:00:00Z,https://www.ibdb.com/broadway-cast-staff/80585,statement
Q207506,q207506$082EDAEE-0D42-43B7-9304-C26C74278AD6,P569,+1960-02-22T00:00:00Z,,+1959-02-22T00:00:00Z,https://pantheon.world/profile/person/Kyle_MacLachlan,statement
Q11836951,q11836951$c14864dc-4807-b6f1-51eb-86c337e25e59,P569,+1935-01-01T00:00:00Z,,+1934-11-30T00:00:00Z,https://www.mymovies.it/persone/-/17127,statement
Q4943178,Q4943178$F21DD20F-F7E7-4775-B148-2334AD6F312D,P569,+1941-05-21T00:00:00Z,,+1940-05-21T00:00:00Z,https://www.behindthevoiceactors.com/Booker-Bradshaw/,statement
Q522933,Q522933$a6708bf5-4dba-cdf6-a3b3-5723e9422079,P569,+1938-08-07T00:00:00Z,,+1939-08-07T00:00:00Z,https://catalogue.bnf.fr/ark:/12148/cb14009003x,statement
Q23062882,Q23062882$EE34F717-D108-48FD-92C0-276B652CB5E4,P569,+1898-02-17T00:00:00Z,,+1897-02-17T00:00:00Z,http://www.filmportal.de/person/5e8c250ce45846ccbf209487d015180e,statement
Q316795,Q316795$8BD1271B-5A75-45AF-AF87-2A9AA53F913F,P569,+1875-01-11T00:00:00Z,,+1874-12-30T00:00:00Z,https://www.britannica.com/biography/Reinhold-Gliere,statement
Q49575,q49575$5D302BA7-6CB2-4167-B9AB-432FB112C4D1,P570,+1993-01-06T00:00:00Z,,+1992-01-06T00:00:00Z,https://musicalics.com/de/node/90409,statement
Q229258,q229258$D3ED57E8-27D6-41CB-B2D6-273736E0FF7C,P569,+1930-06-19T00:00:00Z,,+1934-06-19T00:00:00Z,http://www.fembio.org/biographie.php/frau/frauendatenbank?fem_id=23738,statement
Q36322,q36322$AFA267DC-F247-469A-8CBD-7B47F20680B9,P570,+1877-07-24T00:00:00Z,,+1817-07-18T00:00:00Z,https://www.discogs.com/artist/648498,statement
Q2939613,Q2939613$37B70B97-000C-4A64-B78F-E6527C751005,P569,+1911-05-08T00:00:00Z,,+1914-05-08T00:00:00Z,https://www.cinemagia.ro/actor.php?actor_id=191847,statement
Q3565777,Q3565777$DEA16379-B7EE-439E-8AA2-D4736E0C6FE4,P569,+1879-06-30T00:00:00Z,,+1880-06-30T00:00:00Z,https://www.findagrave.com/memorial/7987456,statement
Q3143375,q3143375$E37790C4-9142-489A-87A1-37D1FCD81308,P569,+1920-08-15T00:00:00Z,,+1919-08-15T00:00:00Z,https://www.ibdb.com/broadway-cast-staff/43760,statement
Q7147067,Q7147067$A86E93C4-F3A1-44E0-8767-5118D9B450CE,P569,+1889-12-24T00:00:00Z,,+1890-12-24T00:00:00Z,http://snaccooperative.org/ark:/99166/w65t4bbs,statement
Q466254,Q466254$20028A04-6AF5-4C9D-9865-89F46E31BB5B,P569,+1915-10-03T00:00:00Z,,+1914-10-03T00:00:00Z,http://snaccooperative.org/ark:/99166/w6wj4r75,statement
Q3938639,Q3938639$B771DDAB-2CD8-4404-BEE0-182E281BEA2B,P569,+1861-11-10T00:00:00Z,,+1862-09-21T00:00:00Z,https://catalogue.bnf.fr/ark:/12148/cb12385801c,statement
Q140017,q140017$AC2E54E8-617A-479F-9293-6424BFF10208,P569,+1916-03-16T00:00:00Z,,+1918-03-17T00:00:00Z,https://catalogue.bnf.fr/ark:/12148/cb14031620v,statement
Q2407521,Q2407521$A50D8EB5-3F52-4DB9-BDA2-60502FE74A98,P569,+1909-04-17T00:00:00Z,,+1910-01-17T00:00:00Z,https://www.findagrave.com/memorial/10037407,statement
Q1350636,Q1350636$A302ACF3-4C90-4FDC-8926-E88D8EF72009,P569,+1911-09-15T00:00:00Z,,+1920-09-15T00:00:00Z,https://www.ibdb.com/broadway-cast-staff/56059,statement
Q449704,Q449704$D0D6E304-704C-4453-8279-A3EC025C7CC2,P569,+1887-06-18T00:00:00Z,,+1893-06-19T00:00:00Z,https://www.ibdb.com/broadway-cast-staff/4556,statement
Q233962,q233962$2C29C05D-9FF4-41CF-8CBB-9C68BF7515FE,P569,+1951-03-05T00:00:00Z,,+1948-03-05T00:00:00Z,https://www.csfd.cz/tvurce/11044/,statement
Q213425,q213425$06961914-F93A-4DDF-953B-8BD2A307F3DE,P569,+1911-01-18T00:00:00Z,,+1913-01-18T00:00:00Z,https://www.mymovies.it/persone/-/7233,statement
Q183713,q183713$025C2645-3DC6-4E6A-99AC-5C8A4BEEF8FD,P569,+1816-08-30T00:00:00Z,,+1811-08-11T00:00:00Z,https://www.noosfere.org/livres/auteur.asp?numauteur=1853,statement
Q920167,Q920167$67872502-4E64-4AC8-ADFD-EDCB59537DCF,P569,+1949-10-19T00:00:00Z,,+1950-10-19T00:00:00Z,https://www.csfd.cz/tvurce/63019/,statement
Q353142,Q353142$BA51410B-26DF-46EE-8824-F74ECB130079,P569,+1887-10-20T00:00:00Z,,+1902-10-20T00:00:00Z,https://www.findagrave.com/memorial/6954543,statement
Q21608040,Q21608040$fe64b65e-4566-8f6c-402b-7befac598656,P569,+1890-10-30T00:00:00Z,,+1896-10-30T00:00:00Z,https://www.ibdb.com/broadway-cast-staff/38303,statement
Q4776256,Q4776256$2D1E8784-918B-49D1-90DF-F9AF18CDAC31,P569,+1926-10-12T00:00:00Z,,+1927-10-12T00:00:00Z,https://www.mymovies.it/persone/-/122925,statement
Q2406954,Q2406954$84EE7F73-9CA3-49E9-9960-19465AAE72F0,P569,+1883-04-01T00:00:00Z,,+1884-04-01T00:00:00Z,https://www.ibdb.com/broadway-cast-staff/76011,statement
Q1857620,Q1857620$DF093A0A-DBFA-4397-BFC3-A382B123B074,P569,+1966-08-10T00:00:00Z,,+1964-08-10T00:00:00Z,https://www.ibdb.com/broadway-cast-staff/466566,statement
Q23009030,Q23009030$EF7E0FF1-BDCC-4E94-8514-4B6B351A20AD,P569,+1912-01-12T00:00:00Z,,+1908-01-11T00:00:00Z,https://www.csfd.cz/tvurce/267279/,statement
Q140017,q140017$AC2E54E8-617A-479F-9293-6424BFF10208,P569,+1918-03-17T00:00:00Z,,+1916-03-16T00:00:00Z,https://www.discogs.com/artist/1696238,statement
Q433912,Q433912$5D89DEF7-832A-49D8-AEFA-CE6B64EF8C0E,P569,+1923-06-15T00:00:00Z,,+1921-06-15T00:00:00Z,https://www.britannica.com/biography/Erroll-Garner,statement
Q222818,q222818$7FFE5A00-7EF1-42BD-98AC-C9DAD566438F,P569,+1927-01-17T00:00:00Z,,+1928-01-17T00:00:00Z,http://www.fembio.org/biographie.php/frau/frauendatenbank?fem_id=15757,statement
Q273210,q273210$90EC8FE6-7ED5-4B4B-8FDB-C9571C8D8540,P570,+1987-12-01T00:00:00Z,,+1957-12-01T00:00:00Z,https://www.adorocinema.com/personalidades/personalidade-37612/,statement
Q2070442,Q2070442$86DD397F-A8D2-4DE5-8E26-B459AAC503A3,P569,+1893-06-09T00:00:00Z,,+1895-06-09T00:00:00Z,https://www.fandango.com/people/wd-528831,statement
Q641975,Q641975$EFCA7885-0E30-4DE0-AA3C-0BDBEAA22670,P569,+1961-01-07T00:00:00Z,,+1960-01-07T00:00:00Z,http://snaccooperative.org/ark:/99166/w6rb7s25,statement
Q508819,Q508819$2397B836-A2D1-4144-957C-556371AB620A,P569,+1977-08-22T00:00:00Z,,+1974-08-22T00:00:00Z,https://www.mymovies.it/persone/-/212651,statement
Q7376379,Q7376379$C47D30E2-3734-483E-9812-B46AD43F740F,P569,+1881-10-26T00:00:00Z,,+1880-10-26T00:00:00Z,http://snaccooperative.org/ark:/99166/w6zs36zm,statement
Q5538900,Q5538900$F127C77C-768B-440F-A81D-B9207CA9B163,P569,+1855-10-08T00:00:00Z,,+1852-10-14T00:00:00Z,https://www.oxfordreference.com/view/10.1093/oi/authority.20110803095743176,statement
Q1779,Q1779$D5ADA6B5-27E7-4C33-B693-F640B042CAE1,P569,+1900-07-04T00:00:00Z,,+1901-08-04T00:00:00Z,https://catalogue.bnf.fr/ark:/12148/cb13890884w,statement
Q707538,Q707538$c06b43c6-4278-8e97-df40-bee858ef0903,P569,+1957-03-27T00:00:00Z,,+1956-11-30T00:00:00Z,http://www.filmportal.de/person/b9f2893ae6b14fed82c0773ae1d9e640,statement
Q129087,q129087$2CA24D0C-9880-4ABF-A5CD-9B39B554144F,P569,+1908-01-16T00:00:00Z,,+1909-01-16T00:00:00Z,https://www.britannica.com/biography/Ethel-Merman,statement
Q456589,Q456589$20AD0D7B-A699-453A-BF75-59E5005752D2,P569,+1938-11-25T00:00:00Z,,+1939-11-25T00:00:00Z,https://brockhaus.de/ecs/enzy/article/delaney-shelagh,statement
Q952983,Q952983$AD77B8B2-0E03-4EAA-820E-86A38C5B6DE2,P569,+1840-04-12T00:00:00Z,,+1842-04-11T00:00:00Z,https://musicalics.com/de/node/78354,statement
Q270762,q270762$FAF587DC-7A05-4A62-811A-5D6308966BAD,P569,+1941-07-26T00:00:00Z,,+1938-07-26T00:00:00Z,http://snaccooperative.org/ark:/99166/w69x3dg9,statement
Q41555,q41555$C629E186-EF49-454F-8FA1-6C4D40CD4B01,P569,+1822-07-08T00:00:00Z,,+1819-06-20T00:00:00Z,https://www.fandango.com/people/wd-500470,statement
Q5231929,Q5231929$5EC4447F-1236-4C10-9B81-4BFFBC648075,P569,+1901-06-21T00:00:00Z,,+1902-06-22T00:00:00Z,https://www.discogs.com/artist/1662570,statement
Q236236,q236236$0F882D7D-DB93-447E-829D-A4A8154A7731,P569,+1730-11-10T00:00:00Z,,+1728-11-10T00:00:00Z,http://imslp.org/wiki/Category:Goldsmith%2C_Oliver,statement
Q17103637,Q17103637$0F0A3174-E3DD-445F-A19F-EBE83E717696,P569,+1868-07-13T00:00:00Z,,+1904-02-26T00:00:00Z,https://www.mymovies.it/persone/-/40785,statement
Q94682817,Q94682817$209CE66B-F155-4C18-9AAD-5D7C92C2DBDF,P569,+1893-00-00T00:00:00Z,,+1892-12-17T00:00:00Z,https://www2.biusante.parisdescartes.fr/cm/?for=fic&cleaut=404,statement
Q23071144,Q23071144$998A8794-EF7B-4111-BE78-9CA88623C02A,P569,+1926-06-23T00:00:00Z,,+1928-06-29T00:00:00Z,https://catalogue.bnf.fr/ark:/12148/cb13930023d,statement
Q350678,q350678$93CF5933-DBD9-4D55-8576-67717423743A,P569,+1908-12-13T00:00:00Z,,+1910-12-13T00:00:00Z,https://www.ibdb.com/broadway-cast-staff/44771,statement
Q724483,Q724483$00A23DED-53F1-4B14-99B8-6C1E5B9F910D,P569,+1900-03-10T00:00:00Z,,+1896-03-10T00:00:00Z,https://www.findagrave.com/memorial/4017,statement
Q432938,q432938$A9C24450-FFCE-4961-A8D6-8FEFD40A0C9F,P569,+1875-01-01T00:00:00Z,,+1874-08-09T00:00:00Z,http://imslp.org/wiki/Category:Hahn%2C_Reynaldo,statement
Q6028507,q6028507$C5A8C309-B427-4AE8-A356-5C362261D746,P569,+1847-11-15T00:00:00Z,,+1849-11-15T00:00:00Z,https://www.britannica.com/biography/James-ONeill,statement
Q359207,q359207$5ab920b1-43a2-c562-b998-5b7f3745b0c0,P569,+1962-10-24T00:00:00Z,,+1960-10-24T00:00:00Z,https://www.ibdb.com/broadway-cast-staff/69472,statement
Q6308811,Q6308811$360BFD1D-C28B-4702-918C-17645CF6E985,P569,+1933-03-21T00:00:00Z,,+1937-03-21T00:00:00Z,https://www.discogs.com/artist/3457837,statement
Q466539,Q466539$D788F0FB-6A30-43B4-89D7-D87D1E4C5478,P569,+1914-11-11T00:00:00Z,,+1917-11-13T00:00:00Z,http://snaccooperative.org/ark:/99166/w6mg7vf2,statement
Q305330,Q305330$82E4F482-371A-4E74-8201-1FC4E30C8F19,P569,+1906-06-18T00:00:00Z,,+1909-06-18T00:00:00Z,https://doi.org/10.1093/gmo/9781561592630.article.J032100,statement
Q2295154,Q2295154$2936223C-99AA-4936-8D2F-CCC431E90F69,P569,+1930-11-12T00:00:00Z,,+1931-11-12T00:00:00Z,https://catalogue.bnf.fr/ark:/12148/cb14013997b,statement
Q62558,Q62558$04BE8E53-4874-4FC4-B3DF-73BB5BEC4846,P569,+1922-03-08T00:00:00Z,,+1921-03-08T00:00:00Z,https://www.mymovies.it/persone/-/5321,statement
Q448141,Q448141$674FE69D-CF11-476A-A838-EB08FD17EF44,P569,+1962-03-10T00:00:00Z,,+1964-03-10T00:00:00Z,https://www.musik-sammler.de/artist/jasmine-guy,statement
Q2708193,q2708193$E8CB9C46-4BD7-478B-95FD-CB4AEF069881,P569,+1904-07-10T00:00:00Z,,+1901-07-19T00:00:00Z,https://www.ibdb.com/broadway-cast-staff/91584,statement
Q93354,q93354$E265E0F6-5A55-42E1-BB21-9F2B72C4CB67,P569,+1897-09-24T00:00:00Z,,+1896-09-24T00:00:00Z,https://www.ltit.it/scheda/persona/fitzgerald-francis-scott__9804,statement
Q983339,q983339$761DD560-E861-48A9-A708-5A6A01058255,P569,+1863-07-24T00:00:00Z,,+1853-07-24T00:00:00Z,http://snaccooperative.org/ark:/99166/w6sf2xqs,statement
Q946300,Q946300$EB281E5F-4A70-4657-A64C-8D7963D16131,P569,+1859-00-00T00:00:00Z,,+1857-10-11T00:00:00Z,http://imslp.org/wiki/Category:Cain%2C_Henri,statement
Q235103,q235103$25E64A5A-A3B4-461B-82F4-61B852CFD1A2,P569,+1913-09-19T00:00:00Z,,+1914-09-09T00:00:00Z,https://indyencyclopedia.org/frances-farmer/,statement
Q8564024,Q8564024$80F4656A-E01C-4F56-B0EA-B93D2489FAE9,P569,+1887-04-14T00:00:00Z,,+1885-04-14T00:00:00Z,https://www.discogs.com/artist/826053,statement
Q224356,q224356$57421EA9-88C3-4C30-AA6F-0BA2C6906049,P569,+1927-03-21T00:00:00Z,,+1926-03-21T00:00:00Z,http://snaccooperative.org/ark:/99166/w6v549mm,statement
Q433709,Q433709$DBFBA487-4C2B-492F-A765-140633F7A5A6,P569,+1908-09-23T00:00:00Z,,+1907-09-23T00:00:00Z,https://www.filmovyprehled.cz/cs/person/4852,statement
Q222390,q222390$94616B7B-5341-415B-B7A8-7365DE1418D4,P569,+1717-02-19T00:00:00Z,,+1716-02-20T00:00:00Z,https://www.findagrave.com/memorial/6174,statement
Q27830726,Q27830726$67D0731E-7C06-4D50-90B4-470C68473DFB,P569,+1888-02-21T00:00:00Z,,+1886-02-21T00:00:00Z,https://www.ibdb.com/broadway-cast-staff/11317,statement
Q2786048,Q2786048$DFB90D2E-8468-4A29-9B44-8EA79B5400D9,P569,+1924-12-14T00:00:00Z,,+1923-12-14T00:00:00Z,https://www.fandango.com/people/wd-77494,statement
Q5287931,Q5287931$90A37275-F8F8-4572-91A4-1521CDC03891,P569,+1931-01-01T00:00:00Z,,+1933-03-13T00:00:00Z,https://www.thecanadianencyclopedia.ca/en/article/dodi-protero-emc/,statement
Q499063,Q499063$32FA4C6C-52D7-4E1F-8A3A-9088ACE22555,P569,+1922-05-02T00:00:00Z,,+1925-05-02T00:00:00Z,https://www.findagrave.com/memorial/18881414,statement
Q5026593,Q5026593$3EA96E17-B22E-4D5E-A205-6568E0645A41,P569,+1961-07-12T00:00:00Z,,+1962-06-12T00:00:00Z,https://www.fandango.com/people/wd-603165,statement
Q207506,q207506$082EDAEE-0D42-43B7-9304-C26C74278AD6,P569,+1960-02-22T00:00:00Z,,+1959-02-22T00:00:00Z,https://www.fandango.com/people/wd-417736,statement
Q317631,q317631$87A2E279-49F9-4023-82C7-55F1E27E3F65,P569,+1928-08-27T00:00:00Z,,+1929-08-27T00:00:00Z,https://www.fandango.com/people/wd-390979,statement
Q6223414,q6223414$5F3B3829-676F-49F3-8C96-7DF88F74786E,P569,+1810-01-01T00:00:00Z,,+1814-05-09T00:00:00Z,http://imslp.org/wiki/Category:Brougham%2C_John,statement
Q1700513,Q1700513$126C9388-6F08-4740-BA03-1C0620C87D88,P569,+1904-10-05T00:00:00Z,,+1905-10-05T00:00:00Z,https://catalogue.bnf.fr/ark:/12148/cb138953701,statement
Q75612,q75612$F765C350-F858-4484-9BF1-A3F22D02F1F3,P569,+1904-01-01T00:00:00Z,,+1902-11-21T00:00:00Z,https://www.discogs.com/artist/518284,statement
Q113977281,Q113977281$F45BCA80-158C-4F08-957D-7122B296517D,P569,+1928-01-01T00:00:00Z,,+1924-11-03T00:00:00Z,https://dbn.bn.org.pl/descriptor-details/9810691338305606,statement
Q265531,q265531$AC353C88-07BE-4863-B960-A22BFD7512C5,P569,+1916-02-08T00:00:00Z,,+1913-02-08T00:00:00Z,https://www.ibdb.com/broadway-cast-staff/40434,statement
Q4484168,Q4484168$6CBEDB62-E6F0-4E04-87E7-B86601A02320,P569,+1864-07-08T00:00:00Z,,+1868-07-28T00:00:00Z,http://www.enciklopedija.hr/Natuknica.aspx?ID=48081,statement
Q3496859,Q3496859$524B1AB7-A94F-429D-B561-151C5C39582A,P569,+1890-07-17T00:00:00Z,,+1891-07-17T00:00:00Z,https://www.ibdb.com/broadway-cast-staff/34139,statement
Q2763760,Q2763760$948CFF3F-7D8E-436D-922A-2759AC267C1C,P570,+2010-02-20T00:00:00Z,,+2012-02-20T00:00:00Z,https://www.ibdb.com/broadway-cast-staff/485675,statement
Q5672878,Q5672878$D8AB6F8E-8340-47CE-935F-801DC3212D97,P569,+1914-09-18T00:00:00Z,,+1918-09-18T00:00:00Z,https://www.ibdb.com/broadway-cast-staff/96398,statement
Q193426,q193426$D509F830-6C2B-4F1F-A5D9-430DB2C8C732,P569,+1923-07-06T00:00:00Z,,+1921-07-06T00:00:00Z,https://www.tradingcarddb.com/Person.cfm/pid/77136/,statement
Q268695,q268695$7CE03942-7A5E-4977-B0B6-231671452848,P569,+1915-08-15T00:00:00Z,,+1910-08-15T00:00:00Z,https://www.mymovies.it/persone/-/4179,statement
Q242460,q242460$048DD742-35AD-47F0-BF83-0461A5B3DF45,P569,+1900-09-13T00:00:00Z,,+1904-09-13T00:00:00Z,https://pantheon.world/profile/person/Gladys_George,statement
Q3190000,Q3190000$6A6676FB-D3CD-4779-A339-3685D50249C5,P569,+1917-01-01T00:00:00Z,,+1912-06-22T00:00:00Z,https://www.ibdb.com/broadway-cast-staff/7027,statement
Q88969627,Q88969627$feb843a9-49b6-6a0c-dd61-b52be142f543,P569,+1880-10-17T00:00:00Z,,+1884-10-17T00:00:00Z,https://www.ibdb.com/broadway-cast-staff/35635,statement
Q380272,Q380272$A6F44FAC-28A3-4980-9386-2E16EABFA080,P569,+1952-10-27T00:00:00Z,,+1946-10-27T00:00:00Z,https://ssl.ofdb.de/view.php?page=person&id=5701,statement
Q5294091,Q5294091$5c91655f-0229-4b67-aa56-80606a4022e2,P569,+1920-01-01T00:00:00Z,,+1921-08-17T00:00:00Z,http://snaccooperative.org/ark:/99166/w6wf6zt0,statement
Q312803,q312803$A84B4805-50E9-47C3-B36E-E66E242DB104,P569,+1946-12-30T00:00:00Z,,+1945-12-30T00:00:00Z,https://catalogue.bnf.fr/ark:/12148/cb14764465t,statement
Q266361,Q266361$9B878B2E-FBF1-41E3-A4A2-87C807505D12,P569,+1969-01-22T00:00:00Z,,+1967-01-22T00:00:00Z,https://www.ibdb.com/broadway-cast-staff/394874,statement
Q234080,Q234080$1cd04fe3-f0c5-4496-9b66-17638705beb9,P569,+1932-11-29T00:00:00Z,,+1935-11-29T00:00:00Z,https://www.discogs.com/artist/3971511,statement
Q709942,q709942$48C90FAD-BA26-4B55-B3C7-E88DA428BD04,P569,+1910-02-17T00:00:00Z,,+1911-02-17T00:00:00Z,https://catalogue.bnf.fr/ark:/12148/cb141885376,statement
Q55230,q55230$9D10E223-20CB-42B2-9C02-1CCECAC1C97E,P569,+1902-12-05T00:00:00Z,,+1905-12-05T00:00:00Z,http://www.filmportal.de/person/4c22e36d3ca64dc9bea2a621fd50f1f2,statement
Q262728,Q262728$0B02004B-612B-43ED-AE52-E607EFF0A00E,P569,+1894-06-23T00:00:00Z,,+1895-06-23T00:00:00Z,https://catalogue.bnf.fr/ark:/12148/cb140420032,statement
Q272083,q272083$43D12C23-4654-4190-891D-821CAC2291FA,P569,+1901-06-30T00:00:00Z,,+1904-06-30T00:00:00Z,https://pantheon.world/profile/person/Glenda_Farrell,statement
Q11681261,Q11681261$78334F21-9479-4E41-9F39-EBF7DC588C83,P569,+1909-07-07T00:00:00Z,,+1914-07-07T00:00:00Z,https://www.ibdb.com/broadway-cast-staff/98950,statement
Q953627,Q953627$D77F1DFE-6C89-4A1E-B04E-882B7643412D,P569,+1934-03-23T00:00:00Z,,+1929-03-23T00:00:00Z,https://www.britannica.com/biography/Mark-Rydell,statement
Q75612,q75612$F765C350-F858-4484-9BF1-A3F22D02F1F3,P569,+1904-01-01T00:00:00Z,,+1902-11-21T00:00:00Z,https://www.noosfere.org/livres/auteur.asp?numauteur=-50416,statement
Q3371293,Q3371293$608DE78C-C4A9-4B5D-8CAC-4C28927C78E2,P569,+1866-09-01T00:00:00Z,,+1867-09-01T00:00:00Z,https://catalogue.bnf.fr/ark:/12148/cb13092098g,statement
Q1324024,Q1324024$0A4ECD78-29E7-4DC1-BB87-380D3134E9A5,P569,+1946-12-06T00:00:00Z,,+1944-12-06T00:00:00Z,https://www.universalmusic.fr/artistes/20000118337,statement
Q4726032,Q4726032$EDADB4CC-8AC9-4C3D-8DE4-FC62D1EA6F78,P569,+1876-06-07T00:00:00Z,,+1872-06-07T00:00:00Z,http://www.fembio.org/biographie.php/frau/frauendatenbank?fem_id=20737,statement
Q3387342,Q3387342$9AE554E0-932E-4C69-8138-C69E93404E1D,P569,+1889-12-29T00:00:00Z,,+1887-12-29T00:00:00Z,https://www.findagrave.com/memorial/7967613,statement
Q5294068,Q5294068$EC2280D4-94E4-401A-8549-D6561115473C,P569,+1875-02-17T00:00:00Z,,+1877-02-17T00:00:00Z,https://catalogue.bnf.fr/ark:/12148/cb171128037,statement
Q162621,q162621$09A0B09D-4958-4B35-8946-DA91099BBDB7,P569,+1883-04-06T00:00:00Z,,+1884-04-06T00:00:00Z,https://www.findagrave.com/memorial/4537,statement
Q5679961,Q5679961$661EA895-6741-41C4-A531-0F05B553FE87,P569,+1877-10-15T00:00:00Z,,+1887-10-15T00:00:00Z,https://www.ibdb.com/broadway-cast-staff/16158,statement
Q36322,q36322$AFA267DC-F247-469A-8CBD-7B47F20680B9,P570,+1877-07-24T00:00:00Z,,+1817-07-18T00:00:00Z,http://www.enciklopedija.hr/Natuknica.aspx?ID=4668,statement
Q467908,Q467908$C0D8303D-F5F6-4190-BE48-83B67EB36B33,P569,+1951-07-06T00:00:00Z,,+1954-07-06T00:00:00Z,https://www.fandango.com/people/wd-49880,statement
Q4943178,Q4943178$F21DD20F-F7E7-4775-B148-2334AD6F312D,P569,+1941-05-21T00:00:00Z,,+1940-05-21T00:00:00Z,https://catalogue.bnf.fr/ark:/12148/cb141585665,statement
Q87163,Q87163$06EC149C-BE14-4B3C-9AD4-0D8037558E4A,P569,+1872-02-11T00:00:00Z,,+1873-02-11T00:00:00Z,https://data.onb.ac.at/nlv_lex/perslex/B/Bartsch_Rudolf_Hans.htm,statement
Q272092,q272092$D0549E59-D4D0-41C5-A659-8CD0A6033FC9,P569,+1910-08-25T00:00:00Z,,+1909-08-25T00:00:00Z,https://www.britannica.com/biography/Ruby-Keeler,statement
Q1677170,q1677170$9FB9EBF0-069D-4FAD-8499-584F0275C4C2,P569,+1895-08-18T00:00:00Z,,+1896-08-18T00:00:00Z,https://en.geneastar.org/genealogie/?refcelebrite=pickfordj,statement
Q6760818,Q6760818$DBEC993B-3C7B-4E3D-A156-F2507B99E007,P569,+1875-07-10T00:00:00Z,,+1876-07-10T00:00:00Z,https://www.ibdb.com/broadway-cast-staff/61623,statement
Q7377388,Q7377388$7238EDF6-29F9-4AC2-B770-DF7D0BF2ABED,P569,+1902-12-17T00:00:00Z,,+1895-12-17T00:00:00Z,https://www.ibdb.com/broadway-cast-staff/76526,statement
Q434413,Q434413$584C5846-50FE-437F-BEBD-4D28B0224EA1,P569,+1901-07-25T00:00:00Z,,+1905-07-25T00:00:00Z,https://pantheon.world/profile/person/Lila_Lee,statement
Q335855,Q335855$5A847C98-6B3B-4B69-B0ED-55B7BC64B605,P569,+1922-07-10T00:00:00Z,,+1921-07-10T00:00:00Z,https://www.babelio.com/auteur/-/251759,statement
Q4896094,Q4896094$47C0BA5F-330A-4A0B-9195-6C14F9856FC8,P569,+1909-01-01T00:00:00Z,,+1916-09-29T00:00:00Z,https://www.findagrave.com/memorial/5174,statement
Q948246,Q948246$E375E9D6-4DF9-416B-BE8C-114A9A65985C,P569,+1928-12-01T00:00:00Z,,+1926-12-01T00:00:00Z,https://pantheon.world/profile/person/Keith_Michell,statement
Q326094,q326094$77BBA6B6-17C0-43FD-A9E5-F3E8EFFB7C64,P569,+1942-11-01T00:00:00Z,,+1944-11-01T00:00:00Z,https://catalogue.bnf.fr/ark:/12148/cb17702069s,statement
Q5363066,Q5363066$b2cc95a5-37e6-4daa-8788-0b3f2dbb0360,P569,+1958-11-05T00:00:00Z,,+1951-11-05T00:00:00Z,https://www.csfd.cz/tvurce/219081/,statement
Q374263,Q374263$F252AFA1-37CA-4482-A800-747FD1E065DC,P569,+1976-10-20T00:00:00Z,,+1977-10-20T00:00:00Z,https://www.fandango.com/people/wd-218935,statement
Q293087,Q293087$B7ADB57C-D008-4C1A-8EAF-1720EF5B7201,P569,+1904-10-20T00:00:00Z,,+1901-10-20T00:00:00Z,https://www.blackpast.org/african-american-history/hall-adelaide-1901-1993/,statement
Q206939,q206939$D4E9CFB3-08EF-47FE-A7AB-28D911BF886E,P569,+1955-08-25T00:00:00Z,,+1954-08-25T00:00:00Z,https://pantheon.world/profile/person/Elvis_Costello,statement
Q193426,q193426$D509F830-6C2B-4F1F-A5D9-430DB2C8C732,P569,+1923-07-06T00:00:00Z,,+1921-07-06T00:00:00Z,https://www.mymovies.it/persone/-/325410,statement
Q7979350,Q7979350$E313AF74-5328-48B7-B151-3E16EAA457B9,P569,+1854-06-09T00:00:00Z,,+1852-06-09T00:00:00Z,http://snaccooperative.org/ark:/99166/w6ft966q,statement
Q7273663,Q7273663$7797C55E-91D3-4C13-9D08-5FF68FA75499,P569,+1870-08-13T00:00:00Z,,+1873-08-13T00:00:00Z,http://snaccooperative.org/ark:/99166/w6b85zzq,statement
Q526365,Q526365$559DA32A-AC91-4E16-B73B-4F18A41B9B50,P569,+1933-11-07T00:00:00Z,,+1934-11-07T00:00:00Z,https://www.fandango.com/people/wd-335709,statement
Q229251,Q229251$9be5cf8e-9d59-4f23-b7cc-18cb75adc84d,P569,+1923-11-09T00:00:00Z,,+1922-11-09T00:00:00Z,http://www.fembio.org/biographie.php/frau/frauendatenbank?fem_id=6940,statement
Q1363692,q1363692$D7E50353-488A-409F-9F5A-A1CD8289E92A,P569,+1931-07-10T00:00:00Z,,+1933-07-10T00:00:00Z,https://www.britannica.com/biography/Jerry-Herman,statement
Q70662,q70662$80E8D843-8F86-465B-982B-BF5699DB0E1B,P570,+1953-05-08T00:00:00Z,,+1952-05-08T00:00:00Z,https://brockhaus.de/ecs/enzy/article/eichberg-richard,statement
Q3108454,Q3108454$26E2353E-7B7C-47E6-98CF-50D919ECF0F4,P569,+1885-09-16T00:00:00Z,,+1884-09-16T00:00:00Z,http://imslp.org/wiki/Category:Unger%2C_Gladys_Buchanan,statement
Q137042,q137042$9AD7C6A7-AC44-48FA-A5C0-0868B0A1F5CD,P569,+1919-03-17T00:00:00Z,,+1917-03-17T00:00:00Z,https://doi.org/10.1093/gmo/9781561592630.article.A2256336,statement
Q232193,q232193$02C28F93-4D00-408A-B253-E8132A343C16,P569,+1963-07-08T00:00:00Z,,+1962-07-08T00:00:00Z,https://www.oxfordreference.com/view/10.1093/oi/authority.20110803100255520,statement
Q114179,Q114179$F06C0C41-99F3-4864-B87C-00B75DB89BA9,P569,+1939-01-26T00:00:00Z,,+1941-01-26T00:00:00Z,http://proleksis.lzmk.hr/47/,statement
Q1331868,Q1331868$0A3CC6AD-60E3-4611-AA47-797591EB659D,P569,+1906-08-11T00:00:00Z,,+1907-08-11T00:00:00Z,https://www.lexm.uni-hamburg.de/object/lexm_lexmperson_00002826,statement
Q2066724,Q2066724$360593E6-62F9-460D-A31E-A7ACD9A1B250,P569,+1857-06-10T00:00:00Z,,+1862-06-10T00:00:00Z,http://snaccooperative.org/ark:/99166/w6ff4xsb,statement
Q1779,Q1779$D5ADA6B5-27E7-4C33-B693-F640B042CAE1,P569,+1901-08-04T00:00:00Z,,+1900-08-04T00:00:00Z,http://snaccooperative.org/ark:/99166/w6xs5vvk,statement
Q3541979,Q3541979$9DF1EA2E-F433-4F3A-9F90-83ADB42FAEBE,P569,+1894-09-21T00:00:00Z,,+1891-12-31T00:00:00Z,http://www.filmportal.de/person/eda74ed528924939b78d1465d576287c,statement
Q718053,q718053$D4EF81B0-1466-462B-9392-053F10DDE5D4,P569,+1927-09-19T00:00:00Z,,+1928-09-19T00:00:00Z,https://www.fandango.com/people/wd-292707,statement
Q350678,q350678$93CF5933-DBD9-4D55-8576-67717423743A,P569,+1908-12-13T00:00:00Z,,+1910-12-13T00:00:00Z,https://catalogue.bnf.fr/ark:/12148/cb139488123,statement
Q262482,Q262482$E967962E-03B2-427E-8B17-DA5E3182DD96,P569,+1944-02-25T00:00:00Z,,+1942-02-25T00:00:00Z,https://www.csfd.cz/tvurce/423716/,statement
Q4898857,Q4898857$554EDDCB-8BA7-44F1-861A-146A306F06B2,P569,+1926-01-01T00:00:00Z,,+1921-12-28T00:00:00Z,https://historygreatest.com/betty-jane-watson-american-actress-and-singer-died-at-94,statement
Q4726032,Q4726032$EDADB4CC-8AC9-4C3D-8DE4-FC62D1EA6F78,P569,+1872-06-07T00:00:00Z,,+1868-06-07T00:00:00Z,https://catalogue.bnf.fr/ark:/12148/cb16580364k,statement
Q193608,q193608$4FE500BA-D424-441B-91CD-B9B3D951DB75,P569,+1878-01-06T00:00:00Z,,+1876-01-06T00:00:00Z,https://www.vle.lt/straipsnis/carl-august-sandburg/,statement
Q145627,Q145627$54A60424-1B96-49C3-A09A-712DFF939784,P569,+1931-04-08T00:00:00Z,,+1928-04-08T00:00:00Z,http://snaccooperative.org/ark:/99166/w64f2xw4,statement
Q270390,q270390$6ABDB661-BAA9-4D27-9C4E-C7D75B2CCD3F,P569,+1902-08-07T00:00:00Z,,+1901-08-07T00:00:00Z,https://www.csfd.cz/tvurce/16732/,statement
Q23009030,Q23009030$EF7E0FF1-BDCC-4E94-8514-4B6B351A20AD,P569,+1912-01-12T00:00:00Z,,+1908-01-12T00:00:00Z,https://www.britannica.com/biography/Ruth-Goodman-Goetz,statement
Q454692,q454692$89BADFC4-4051-4810-94A5-89C827E97A1A,P569,+1912-12-05T00:00:00Z,,+1899-12-05T00:00:00Z,https://catalogue.bnf.fr/ark:/12148/cb139286333,statement
Q543182,Q543182$8BB0A598-D065-48C6-BA0E-4ED281E39A48,P569,+1895-01-25T00:00:00Z,,+1896-01-25T00:00:00Z,https://www.britannica.com/biography/Florence-Mills,statement
Q238070,q238070$8367CF18-5B4A-452E-800C-460DC73E3F00,P569,+1879-10-15T00:00:00Z,,+1883-10-31T00:00:00Z,https://www.britannica.com/biography/Sara-Allgood,statement
Q4739639,Q4739639$9567FD03-79BD-4975-8E10-8E25992DC270,P569,+1965-12-29T00:00:00Z,,+1963-12-29T00:00:00Z,https://www.ibdb.com/broadway-cast-staff/447001,statement
Q1631745,Q1631745$95836F67-5E78-400A-82AD-8EF5F252B8CF,P569,+1926-01-02T00:00:00Z,,+1928-01-02T00:00:00Z,https://www.ibdb.com/broadway-cast-staff/79046,statement
Q1995535,Q1995535$1800479A-9661-4F03-905E-2C6F612F1459,P569,+1893-07-14T00:00:00Z,,+1896-07-14T00:00:00Z,https://www.fandango.com/people/wd-176121,statement
Q6796617,Q6796617$CACBD7C3-202C-43F4-BD00-B3C4BAEEEE17,P569,+1866-04-06T00:00:00Z,,+1869-04-06T00:00:00Z,https://www.ibdb.com/broadway-cast-staff/65858,statement
Q1352525,q1352525$3A1D33EF-E4E3-4F01-9B40-108EBA18E025,P569,+1853-01-01T00:00:00Z,,+1852-12-17T00:00:00Z,https://www.tradingcarddb.com/Person.cfm/pid/200997/,statement
Q1403428,Q1403428$EFE5CAD4-C2AE-4AFC-9A1A-FCAA65FE0053,P569,+1876-05-29T00:00:00Z,,+1870-05-29T00:00:00Z,https://www.geschichtewiki.wien.gv.at/index.php?curid=8441,statement
Q3108601,Q3108601$0AE6D1DC-128E-48A3-B78C-025635A4A381,P569,+1914-06-05T00:00:00Z,,+1926-10-23T00:00:00Z,https://www.behindthevoiceactors.com/Stan-Jones/,statement
Q232245,q232245$62A8495B-FBEF-4B9E-8DCF-0B85DAE07A26,P569,+1921-11-30T00:00:00Z,,+1920-11-30T00:00:00Z,https://pantheon.world/profile/person/Virginia_Mayo,statement
Q1274807,q1274807$60537C29-E36B-40E0-B4E3-25C8566DDC7B,P569,+1932-04-08T00:00:00Z,,+1928-04-08T00:00:00Z,https://www.ibdb.com/broadway-cast-staff/5654,statement
Q276167,Q276167$3D945A0D-5066-453D-B850-DD39427E5450,P569,+1942-11-23T00:00:00Z,,+1939-11-23T00:00:00Z,https://www.fandango.com/people/wd-19650,statement
Q18716197,Q18716197$471719C9-E38A-4CEB-8910-92A5F3065693,P570,+1954-08-14T00:00:00Z,,+1953-08-14T00:00:00Z,https://www.ibdb.com/broadway-cast-staff/55771,statement
Q14702028,Q14702028$9A984C38-70CC-4E17-BAA2-F8755B115811,P569,+1905-06-16T00:00:00Z,,+1906-06-16T00:00:00Z,https://www.behindthevoiceactors.com/Leslie-Denison/,statement
Q287713,q287713$BDB9FAF4-46F9-44B6-BB5F-2614AA79B3E7,P569,+1892-12-24T00:00:00Z,,+1893-12-24T00:00:00Z,https://www.csfd.cz/tvurce/14689/,statement
Q1442301,q1442301$5EBD27B8-4699-4101-A5F3-0F039ECD789A,P569,+1925-09-29T00:00:00Z,,+1924-09-29T00:00:00Z,https://catalogue.bnf.fr/ark:/12148/cb14067184s,statement
Q151874,q151874$30EFEBFC-BA27-4234-A906-5BE31BE927D9,P569,+1882-02-16T00:00:00Z,,+1881-02-12T00:00:00Z,http://www.fembio.org/biographie.php/frau/frauendatenbank?fem_id=21643,statement
Q164069,Q164069$E80F6D8F-AC5A-494F-8542-5C631191C5EE,P569,+1961-08-25T00:00:00Z,,+1964-08-25T00:00:00Z,https://www.discogs.com/artist/2813090,statement
Q931607,q931607$E45DB910-B4D2-4808-8F16-C12F25FADB03,P569,+1932-11-30T00:00:00Z,,+1934-02-07T00:00:00Z,http://snaccooperative.org/ark:/99166/w6tv8q4d,statement
Q5363066,Q5363066$b2cc95a5-37e6-4daa-8788-0b3f2dbb0360,P569,+1958-11-05T00:00:00Z,,+1951-11-05T00:00:00Z,https://catalogue.bnf.fr/ark:/12148/cb14192970w,statement
Q6727190,Q6727190$CCFF00AA-7E00-43A3-8A43-D47F19C8A74F,P569,+1848-03-15T00:00:00Z,,+1849-03-15T00:00:00Z,http://www.fembio.org/biographie.php/frau/frauendatenbank?fem_id=15466,statement
Q191499,Q191499$797A351B-B4DC-4645-B0A6-551BE471430E,P569,+1867-01-01T00:00:00Z,,+1868-11-24T00:00:00Z,http://snaccooperative.org/ark:/99166/w6mc959q,statement
Q4303226,Q4303226$BB5712DB-0063-4A82-807F-935944566E3B,P569,+1928-01-27T00:00:00Z,,+1927-01-27T00:00:00Z,https://www.csfd.cz/tvurce/206495/,statement
Q931607,q931607$E45DB910-B4D2-4808-8F16-C12F25FADB03,P569,+1932-11-30T00:00:00Z,,+1934-02-07T00:00:00Z,https://www.ibdb.com/broadway-cast-staff/426385,statement
Q713997,q713997$11D2D95E-1F9A-409B-BB94-340A12A7A951,P569,+1856-07-15T00:00:00Z,,+1860-07-15T00:00:00Z,http://snaccooperative.org/ark:/99166/w6sq9gf7,statement
Q191499,Q191499$797A351B-B4DC-4645-B0A6-551BE471430E,P569,+1867-01-01T00:00:00Z,,+1868-11-24T00:00:00Z,https://www.findagrave.com/memorial/556,statement
Q377450,Q377450$0BB4FD35-6A26-4262-9F87-C65AC51A3960,P569,+1930-11-13T00:00:00Z,,+1931-11-13T00:00:00Z,https://www.findagrave.com/memorial/160113894,statement
Q2407521,Q2407521$A50D8EB5-3F52-4DB9-BDA2-60502FE74A98,P569,+1909-04-17T00:00:00Z,,+1910-01-17T00:00:00Z,http://snaccooperative.org/ark:/99166/w6nf1d84,statement
Q352971,q352971$BB9D03DB-648A-4B88-97CE-A46D6609815B,P569,+1880-01-29T00:00:00Z,,+1879-02-10T00:00:00Z,https://www.oxfordreference.com/view/10.1093/oi/authority.20110803095816989,statement
Q95050,q95050$3EAB50DE-ADFF-4532-84FA-1C77720ECC90,P569,+1910-06-03T00:00:00Z,,+1905-06-03T00:00:00Z,https://www.britannica.com/biography/Paulette-Goddard,statement
Q391663,Q391663$E08D51A5-FB21-47EC-A6F1-8DBD3D679D6D,P569,+1880-01-28T00:00:00Z,,+1882-01-28T00:00:00Z,https://pantheon.world/profile/person/Mary_Boland,statement
Q8251874,Q8251874$7D02DA44-22FF-45E8-9AA7-9DCE8AA03983,P569,+1909-01-14T00:00:00Z,,+1908-01-14T00:00:00Z,https://www.ibdb.com/broadway-cast-staff/67522,statement
Q322275,q322275$9C6D046C-746D-4FA8-9A0A-8BA952B15672,P569,+1925-12-03T00:00:00Z,,+1927-12-03T00:00:00Z,https://catalogue.bnf.fr/ark:/12148/cb138954244,statement
Q206939,q206939$D4E9CFB3-08EF-47FE-A7AB-28D911BF886E,P569,+1955-08-25T00:00:00Z,,+1954-08-25T00:00:00Z,https://enciklopedija.lv/skirklis/57425,statement
Q455821,q455821$B8852609-DEE9-4872-82DB-DF9037E52CDD,P569,+1935-12-01T00:00:00Z,,+1933-12-01T00:00:00Z,https://www.csfd.cz/tvurce/326894/,statement
Q2903368,Q2903368$B0F77397-DE32-4B6D-A5D3-564CCC26F5D6,P569,+1952-02-15T00:00:00Z,,+1954-02-15T00:00:00Z,http://snaccooperative.org/ark:/99166/w6fx7c28,statement
Q719247,q719247$0D219530-C54E-476A-8E14-8D70FF00765F,P569,+1893-03-10T00:00:00Z,,+1891-03-10T00:00:00Z,https://www.ibdb.com/broadway-cast-staff/46764,statement
Q380054,q380054$42465767-C4EE-4E6D-99BF-5782E696A067,P569,+1887-03-22T00:00:00Z,,+1891-03-22T00:00:00Z,https://catalogue.bnf.fr/ark:/12148/cb13927167s,statement
Q127036,Q127036$3CB85059-D1BC-42B1-9466-A00D12596842,P569,+1966-04-18T00:00:00Z,,+1970-04-18T00:00:00Z,https://www.ibdb.com/broadway-cast-staff/71462,statement
Q522533,Q522533$B081E14F-76DC-4A16-A78A-12E8B1AA4FDA,P569,+1958-09-06T00:00:00Z,,+1960-09-06T00:00:00Z,http://snaccooperative.org/ark:/99166/w6d63dkb,statement
Q165534,q165534$D80612FC-CFE9-4AA1-8573-DB9708C3B294,P570,+1794-02-06T00:00:00Z,,+1793-02-06T00:00:00Z,https://www.babelio.com/auteur/-/13564,statement
Q6779472,q6779472$C8CF5CFC-B761-4EEC-B581-0594154E7B4F,P569,+1897-06-15T00:00:00Z,,+1900-06-15T00:00:00Z,http://snaccooperative.org/ark:/99166/w6s18n06,statement
Q554094,Q554094$B3A78CB7-6A6F-4771-992E-8ABFCC1E45FE,P569,+1882-03-06T00:00:00Z,,+1886-03-06T00:00:00Z,https://www.findagrave.com/memorial/6657228,statement
Q18211125,Q18211125$74738B8D-F719-4ACE-A9C6-51EB3B3B05F5,P569,+1950-00-00T00:00:00Z,,+1952-10-25T00:00:00Z,https://catalogue.bnf.fr/ark:/12148/cb170989890,statement
Q344576,q344576$469A3653-1EA3-47E0-9127-907139E3811D,P569,+1939-05-22T00:00:00Z,,+1941-05-22T00:00:00Z,https://www.britannica.com/biography/Paul-Winfield,statement
Q236394,q236394$40C70A8F-A8B1-4C36-B258-D6B65034075B,P569,+1914-09-22T00:00:00Z,,+1912-09-22T00:00:00Z,https://www.tradingcarddb.com/Person.cfm/pid/161762/,statement
Q1677951,Q1677951$7B64A235-6778-4840-83FD-3064E95C565F,P569,+1924-11-30T00:00:00Z,,+1923-11-30T00:00:00Z,https://www.ibdb.com/broadway-cast-staff/94555,statement
Q432938,q432938$A9C24450-FFCE-4961-A8D6-8FEFD40A0C9F,P569,+1875-01-01T00:00:00Z,,+1874-08-09T00:00:00Z,https://www.babelio.com/auteur/-/311585,statement
Q467735,Q467735$ADAECAD3-EE2C-4918-9FA8-BF16A0B56C7F,P569,+1928-12-10T00:00:00Z,,+1929-12-30T00:00:00Z,https://www.csfd.cz/tvurce/50537/,statement
Q98596471,Q98596471$059ae20b-a51b-420c-9d07-f9545968102c,P569,+1922-01-01T00:00:00Z,,+1905-01-14T00:00:00Z,https://www.ibdb.com/broadway-cast-staff/103941,statement
Q541839,Q541839$D840CD22-998F-4569-8BCD-886701C049B8,P569,+1927-09-27T00:00:00Z,,+1929-09-27T00:00:00Z,https://www.britannica.com/biography/Sada-Thompson,statement
Q3560675,Q3560675$90B0A484-2428-44E8-A3C1-C3219DD6919F,P569,+1925-04-09T00:00:00Z,,+1928-04-09T00:00:00Z,https://www.fandango.com/people/wd-237564,statement
Q181899,q181899$37C5380B-3FA9-48E2-BB98-557DD7205110,P569,+1923-09-09T00:00:00Z,,+1925-09-09T00:00:00Z,http://snaccooperative.org/ark:/99166/w65t55b3,statement
Q440779,Q440779$3EF285A5-69DC-4104-8CB2-1C62EEC2E79D,P569,+1866-04-05T00:00:00Z,,+1876-04-05T00:00:00Z,https://musee.sacem.fr/index.php/Detail/entities/23281,statement
Q202749,q202749$4BA67EBB-0893-4498-AC2F-DA9545525D9D,P570,+1948-12-02T00:00:00Z,,+1918-12-02T00:00:00Z,https://pgg.parisnanterre.fr/lesindividus2/1358,statement
Q5295112,Q5295112$892394EA-449E-4E11-A480-FD25A8CD7DFE,P569,+1920-01-24T00:00:00Z,,+1918-01-24T00:00:00Z,https://www.ibdb.com/broadway-cast-staff/16054,statement
Q485490,q485490$997EDAE7-AEEE-48B0-B1F2-6B8C81E66F16,P569,+1948-05-31T00:00:00Z,,+1947-05-31T00:00:00Z,https://www.britannica.com/biography/John-Bonham,statement
Q2295154,Q2295154$2936223C-99AA-4936-8D2F-CCC431E90F69,P569,+1930-11-12T00:00:00Z,,+1931-11-12T00:00:00Z,https://www.fandango.com/people/wd-141581,statement
Q2499444,Q2499444$1AA908B1-C708-46B0-BA58-74C46EF02658,P569,+1870-05-26T00:00:00Z,,+1858-05-26T00:00:00Z,https://www.findagrave.com/memorial/5564,statement
Q35912,q35912$60292E8E-01A8-4142-A7E9-EB67D7B12779,P569,+1986-09-12T00:00:00Z,,+1968-09-12T00:00:00Z,https://www.discogs.com/artist/1582360,statement
Q582694,q582694$13EBE280-EE53-4F15-889B-BC2DD5B5B5A2,P569,+1820-12-26T00:00:00Z,,+1822-12-26T00:00:00Z,https://catalogue.bnf.fr/ark:/12148/cb12443216m,statement
Q3103797,Q3103797$2BAB68DE-6534-4829-B685-26804158D471,P569,+1936-01-14T00:00:00Z,,+1931-01-14T00:00:00Z,https://www.mymovies.it/persone/-/42203,statement
Q268695,q268695$7CE03942-7A5E-4977-B0B6-231671452848,P569,+1915-08-15T00:00:00Z,,+1910-08-15T00:00:00Z,https://www.britannica.com/biography/Signe-Hasso,statement
Q378672,q378672$F89CB56E-1D64-47B1-9C88-73250017229F,P569,+1978-01-23T00:00:00Z,,+1974-02-17T00:00:00Z,https://www.fandango.com/people/wd-495315,statement
Q112973,Q112973$DAB3A657-679E-4595-9EF2-1D5ABFB7BBF9,P569,+1936-05-05T00:00:00Z,,+1937-05-05T00:00:00Z,https://www.fandango.com/people/wd-42049,statement
Q861426,q861426$0A7A3664-C7D1-4F7A-8C0D-D95092999EF4,P569,+1898-09-01T00:00:00Z,,+1899-09-01T00:00:00Z,https://www.mymovies.it/persone/-/884,statement
Q255682,Q255682$E6E45BEF-12B2-48FB-83F8-D52FB38767CC,P569,+1898-04-04T00:00:00Z,,+1892-04-04T00:00:00Z,https://www.findagrave.com/memorial/5465,statement
Q17427572,Q17427572$5b11704f-430b-b02f-8687-05d7bec8e036,P569,+1916-01-03T00:00:00Z,,+1918-01-03T00:00:00Z,https://catalogue.bnf.fr/ark:/12148/cb139889037,statement
Q13562186,Q13562186$FFF52E2B-B3F3-4DD3-A6C9-E6583423D462,P569,+1913-04-06T00:00:00Z,,+1916-04-06T00:00:00Z,http://snaccooperative.org/ark:/99166/w6bk2423,statement
Q325695,q325695$A7AD4B27-B46C-4A3D-8BD5-71AE2BAFB4CA,P569,+1880-06-04T00:00:00Z,,+1881-06-04T00:00:00Z,http://snaccooperative.org/ark:/99166/w6d29r50,statement
Q7493012,Q7493012$C4F831F6-D852-41AF-9E74-47492ACF76B1,P569,+1928-03-16T00:00:00Z,,+1927-03-16T00:00:00Z,https://www.ibdb.com/broadway-cast-staff/32456,statement
Q313506,Q313506$AF514ED0-5E04-4D50-BCB4-8170D893E851,P569,+1960-05-02T00:00:00Z,,+1961-05-02T00:00:00Z,https://ssl.ofdb.de/view.php?page=person&id=15730,statement
Q3679846,Q3679846$606BC306-C90C-44F0-BE2F-5FA66C3D2BC9,P569,+1910-01-10T00:00:00Z,,+1909-01-10T00:00:00Z,https://www.findagrave.com/memorial/6693478,statement
Q710334,q710334$29D6B9FC-2850-4E60-BC79-B884B3CCB2B4,P569,+1917-07-14T00:00:00Z,,+1918-07-14T00:00:00Z,http://snaccooperative.org/ark:/99166/w6gf56zk,statement
Q228906,q228906$CB11FC36-CA8B-4BF0-AFB0-D6A191B0478E,P570,+1986-12-12T00:00:00Z,,+1985-12-12T00:00:00Z,https://www.adorocinema.com/personalidades/personalidade-4398/,statement
Q1937408,Q1937408$941352C2-163A-4FE3-92FE-353AE61B34BE,P569,+1857-03-31T00:00:00Z,,+1860-03-31T00:00:00Z,https://artsandculture.google.com/entity/wd/g120x5dvs,statement
Q217137,q217137$B788489A-56A2-497E-9248-0E4CCA3EAE8E,P569,+1945-02-07T00:00:00Z,,+1946-02-07T00:00:00Z,https://www.behindthevoiceactors.com/Pete-Postlethwaite/,statement
Q582694,q582694$13EBE280-EE53-4F15-889B-BC2DD5B5B5A2,P569,+1822-12-26T00:00:00Z,,+1820-12-26T00:00:00Z,http://snaccooperative.org/ark:/99166/w6ww7p6g,statement
Q272088,q272088$A7227C46-597B-4F70-BF19-FF1609709E34,P569,+1889-04-26T00:00:00Z,,+1893-04-26T00:00:00Z,https://www.britannica.com/biography/Anita-Loos,statement
